Workbook

Sheet Master_Roster
C1: [ 📥 Click Here to Paste PPN Data ] | F1: [ 📥 Click Here to Paste Elation Data ]
A4: Status | B4: PPN Subject ID (Type Here) | C4: Elation Patient ID (Type Here) | D4: Patient First Name | E4: Patient Last Name | F4: 🚨 Emergency Contact | G4: 🚨 Emergency Phone | H4: Known Allergies | I4: Last PPN Session | J4: Phase
A5: {=IF(AND($B5="", $C5=""), "", IF($B5="", "⚠️ Need PPN ID", IF($C5="", "⚠️ Need EHR ID", IF(ISERROR(_xlfn.XLOOKUP(TRIM(CLEAN($B5)), TRIM(CLEAN(PPN_Data_Paste_Here!A:A)), PPN_Data_Paste_Here!A:A)), "⚠️ Missing PPN Data", IF(ISERROR(_xlfn.XLOOKUP(TRIM(CLEAN($C5)), TRIM(CLEAN(EHR_Data_Paste_Here!A:A)), EHR_Data_Paste_Here!A:A)), "⚠️ Missing EHR Data", "✅ Ready")))))} -> 0 | D5: {=IF($C5="", "", IFERROR(_xlfn.XLOOKUP(TRIM(CLEAN($C5)), TRIM(CLEAN(EHR_Data_Paste_Here!A:A)), EHR_Data_Paste_Here!B:B), "Not Found"))} -> 0 | E5: {=IF($C5="", "", IFERROR(_xlfn.XLOOKUP(TRIM(CLEAN($C5)), TRIM(CLEAN(EHR_Data_Paste_Here!A:A)), EHR_Data_Paste_Here!C:C), "Not Found"))} -> 0 | F5: {=IF($C5="", "", IFERROR(_xlfn.XLOOKUP(TRIM(CLEAN($C5)), TRIM(CLEAN(EHR_Data_Paste_Here!A:A)), EHR_Data_Paste_Here!D:D), "Not Found"))} -> 0 | G5: {=IF($C5="", "", IFERROR(_xlfn.XLOOKUP(TRIM(CLEAN($C5)), TRIM(CLEAN(EHR_Data_Paste_Here!A:A)), EHR_Data_Paste_Here!E:E), "Not Found"))} -> 0 | H5: {=IF($C5="", "", IFERROR(_xlfn.XLOOKUP(TRIM(CLEAN($C5)), TRIM(CLEAN(EHR_Data_Paste_Here!A:A)), EHR_Data_Paste_Here!F:F), "Not Found"))} -> 0 | I5: {=IF($B5="", "", IFERROR(TEXT(_xlfn.XLOOKUP(TRIM(CLEAN($B5)), TRIM(CLEAN(PPN_Data_Paste_Here!A:A)), PPN_Data_Paste_Here!E:E), "dd-mmm-yyyy"), "No Session"))} -> 0 | J5: {=IF($B5="", "", IFERROR(_xlfn.XLOOKUP(TRIM(CLEAN($B5)), TRIM(CLEAN(PPN_Data_Paste_Here!A:A)), PPN_Data_Paste_Here!B:B), "No Data"))} -> 0
A6: {=IF(AND($B6="", $C6=""), "", IF($B6="", "⚠️ Need PPN ID", IF($C6="", "⚠️ Need EHR ID", IF(ISERROR(_xlfn.XLOOKUP(TRIM(CLEAN($B6)), TRIM(CLEAN(PPN_Data_Paste_Here!A:A)), PPN_Data_Paste_Here!A:A)), "⚠️ Missing PPN Data", IF(ISERROR(_xlfn.XLOOKUP(TRIM(CLEAN($C6)), TRIM(CLEAN(EHR_Data_Paste_Here!A:A)), EHR_Data_Paste_Here!A:A)), "⚠️ Missing EHR Data", "✅ Ready")))))} -> 0 | D6: {=IF($C6="", "", IFERROR(_xlfn.XLOOKUP(TRIM(CLEAN($C6)), TRIM(CLEAN(EHR_Data_Paste_Here!A:A)), EHR_Data_Paste_Here!B:B), "Not Found"))} -> 0 | E6: {=IF($C6="", "", IFERROR(_xlfn.XLOOKUP(TRIM(CLEAN($C6)), TRIM(CLEAN(EHR_Data_Paste_Here!A:A)), EHR_Data_Paste_Here!C:C), "Not Found"))} -> 0 | F6: {=IF($C6="", "", IFERROR(_xlfn.XLOOKUP(TRIM(CLEAN($C6)), TRIM(CLEAN(EHR_Data_Paste_Here!A:A)), EHR_Data_Paste_Here!D:D), "Not Found"))} -> 0 | G6: {=IF($C6="", "", IFERROR(_xlfn.XLOOKUP(TRIM(CLEAN($C6)), TRIM(CLEAN(EHR_Data_Paste_Here!A:A)), EHR_Data_Paste_Here!E:E), "Not Found"))} -> 0 | H6: {=IF($C6="", "", IFERROR(_xlfn.XLOOKUP(TRIM(CLEAN($C6)), TRIM(CLEAN(EHR_Data_Paste_Here!A:A)), EHR_Data_Paste_Here!F:F), "Not Found"))} -> 0 | I6: {=IF($B6="", "", IFERROR(TEXT(_xlfn.XLOOKUP(TRIM(CLEAN($B6)), TRIM(CLEAN(PPN_Data_Paste_Here!A:A)), PPN_Data_Paste_Here!E:E), "dd-mmm-yyyy"), "No Session"))} -> 0 | J6: {=IF($B6="", "", IFERROR(_xlfn.XLOOKUP(TRIM(CLEAN($B6)), TRIM(CLEAN(PPN_Data_Paste_Here!A:A)), PPN_Data_Paste_Here!B:B), "No Data"))} -> 0
A7: {=IF(AND($B7="", $C7=""), "", IF($B7="", "⚠️ Need PPN ID", IF($C7="", "⚠️ Need EHR ID", IF(ISERROR(_xlfn.XLOOKUP(TRIM(CLEAN($B7)), TRIM(CLEAN(PPN_Data_Paste_Here!A:A)), PPN_Data_Paste_Here!A:A)), "⚠️ Missing PPN Data", IF(ISERROR(_xlfn.XLOOKUP(TRIM(CLEAN($C7)), TRIM(CLEAN(EHR_Data_Paste_Here!A:A)), EHR_Data_Paste_Here!A:A)), "⚠️ Missing EHR Data", "✅ Ready")))))} -> 0 | D7: {=IF($C7="", "", IFERROR(_xlfn.XLOOKUP(TRIM(CLEAN($C7)), TRIM(CLEAN(EHR_Data_Paste_Here!A:A)), EHR_Data_Paste_Here!B:B), "Not Found"))} -> 0 | E7: {=IF($C7="", "", IFERROR(_xlfn.XLOOKUP(TRIM(CLEAN($C7)), TRIM(CLEAN(EHR_Data_Paste_Here!A:A)), EHR_Data_Paste_Here!C:C), "Not Found"))} -> 0 | F7: {=IF($C7="", "", IFERROR(_xlfn.XLOOKUP(TRIM(CLEAN($C7)), TRIM(CLEAN(EHR_Data_Paste_Here!A:A)), EHR_Data_Paste_Here!D:D), "Not Found"))} -> 0 | G7: {=IF($C7="", "", IFERROR(_xlfn.XLOOKUP(TRIM(CLEAN($C7)), TRIM(CLEAN(EHR_Data_Paste_Here!A:A)), EHR_Data_Paste_Here!E:E), "Not Found"))} -> 0 | H7: {=IF($C7="", "", IFERROR(_xlfn.XLOOKUP(TRIM(CLEAN($C7)), TRIM(CLEAN(EHR_Data_Paste_Here!A:A)), EHR_Data_Paste_Here!F:F), "Not Found"))} -> 0 | I7: {=IF($B7="", "", IFERROR(TEXT(_xlfn.XLOOKUP(TRIM(CLEAN($B7)), TRIM(CLEAN(PPN_Data_Paste_Here!A:A)), PPN_Data_Paste_Here!E:E), "dd-mmm-yyyy"), "No Session"))} -> 0 | J7: {=IF($B7="", "", IFERROR(_xlfn.XLOOKUP(TRIM(CLEAN($B7)), TRIM(CLEAN(PPN_Data_Paste_Here!A:A)), PPN_Data_Paste_Here!B:B), "No Data"))} -> 0
A8: {=IF(AND($B8="", $C8=""), "", IF($B8="", "⚠️ Need PPN ID", IF($C8="", "⚠️ Need EHR ID", IF(ISERROR(_xlfn.XLOOKUP(TRIM(CLEAN($B8)), TRIM(CLEAN(PPN_Data_Paste_Here!A:A)), PPN_Data_Paste_Here!A:A)), "⚠️ Missing PPN Data", IF(ISERROR(_xlfn.XLOOKUP(TRIM(CLEAN($C8)), TRIM(CLEAN(EHR_Data_Paste_Here!A:A)), EHR_Data_Paste_Here!A:A)), "⚠️ Missing EHR Data", "✅ Ready")))))} -> 0 | D8: {=IF($C8="", "", IFERROR(_xlfn.XLOOKUP(TRIM(CLEAN($C8)), TRIM(CLEAN(EHR_Data_Paste_Here!A:A)), EHR_Data_Paste_Here!B:B), "Not Found"))} -> 0 | E8: {=IF($C8="", "", IFERROR(_xlfn.XLOOKUP(TRIM(CLEAN($C8)), TRIM(CLEAN(EHR_Data_Paste_Here!A:A)), EHR_Data_Paste_Here!C:C), "Not Found"))} -> 0 | F8: {=IF($C8="", "", IFERROR(_xlfn.XLOOKUP(TRIM(CLEAN($C8)), TRIM(CLEAN(EHR_Data_Paste_Here!A:A)), EHR_Data_Paste_Here!D:D), "Not Found"))} -> 0 | G8: {=IF($C8="", "", IFERROR(_xlfn.XLOOKUP(TRIM(CLEAN($C8)), TRIM(CLEAN(EHR_Data_Paste_Here!A:A)), EHR_Data_Paste_Here!E:E), "Not Found"))} -> 0 | H8: {=IF($C8="", "", IFERROR(_xlfn.XLOOKUP(TRIM(CLEAN($C8)), TRIM(CLEAN(EHR_Data_Paste_Here!A:A)), EHR_Data_Paste_Here!F:F), "Not Found"))} -> 0 | I8: {=IF($B8="", "", IFERROR(TEXT(_xlfn.XLOOKUP(TRIM(CLEAN($B8)), TRIM(CLEAN(PPN_Data_Paste_Here!A:A)), PPN_Data_Paste_Here!E:E), "dd-mmm-yyyy"), "No Session"))} -> 0 | J8: {=IF($B8="", "", IFERROR(_xlfn.XLOOKUP(TRIM(CLEAN($B8)), TRIM(CLEAN(PPN_Data_Paste_Here!A:A)), PPN_Data_Paste_Here!B:B), "No Data"))} -> 0
A9: {=IF(AND($B9="", $C9=""), "", IF($B9="", "⚠️ Need PPN ID", IF($C9="", "⚠️ Need EHR ID", IF(ISERROR(_xlfn.XLOOKUP(TRIM(CLEAN($B9)), TRIM(CLEAN(PPN_Data_Paste_Here!A:A)), PPN_Data_Paste_Here!A:A)), "⚠️ Missing PPN Data", IF(ISERROR(_xlfn.XLOOKUP(TRIM(CLEAN($C9)), TRIM(CLEAN(EHR_Data_Paste_Here!A:A)), EHR_Data_Paste_Here!A:A)), "⚠️ Missing EHR Data", "✅ Ready")))))} -> 0 | D9: {=IF($C9="", "", IFERROR(_xlfn.XLOOKUP(TRIM(CLEAN($C9)), TRIM(CLEAN(EHR_Data_Paste_Here!A:A)), EHR_Data_Paste_Here!B:B), "Not Found"))} -> 0 | E9: {=IF($C9="", "", IFERROR(_xlfn.XLOOKUP(TRIM(CLEAN($C9)), TRIM(CLEAN(EHR_Data_Paste_Here!A:A)), EHR_Data_Paste_Here!C:C), "Not Found"))} -> 0 | F9: {=IF($C9="", "", IFERROR(_xlfn.XLOOKUP(TRIM(CLEAN($C9)), TRIM(CLEAN(EHR_Data_Paste_Here!A:A)), EHR_Data_Paste_Here!D:D), "Not Found"))} -> 0 | G9: {=IF($C9="", "", IFERROR(_xlfn.XLOOKUP(TRIM(CLEAN($C9)), TRIM(CLEAN(EHR_Data_Paste_Here!A:A)), EHR_Data_Paste_Here!E:E), "Not Found"))} -> 0 | H9: {=IF($C9="", "", IFERROR(_xlfn.XLOOKUP(TRIM(CLEAN($C9)), TRIM(CLEAN(EHR_Data_Paste_Here!A:A)), EHR_Data_Paste_Here!F:F), "Not Found"))} -> 0 | I9: {=IF($B9="", "", IFERROR(TEXT(_xlfn.XLOOKUP(TRIM(CLEAN($B9)), TRIM(CLEAN(PPN_Data_Paste_Here!A:A)), PPN_Data_Paste_Here!E:E), "dd-mmm-yyyy"), "No Session"))} -> 0 | J9: {=IF($B9="", "", IFERROR(_xlfn.XLOOKUP(TRIM(CLEAN($B9)), TRIM(CLEAN(PPN_Data_Paste_Here!A:A)), PPN_Data_Paste_Here!B:B), "No Data"))} -> 0
A10: {=IF(AND($B10="", $C10=""), "", IF($B10="", "⚠️ Need PPN ID", IF($C10="", "⚠️ Need EHR ID", IF(ISERROR(_xlfn.XLOOKUP(TRIM(CLEAN($B10)), TRIM(CLEAN(PPN_Data_Paste_Here!A:A)), PPN_Data_Paste_Here!A:A)), "⚠️ Missing PPN Data", IF(ISERROR(_xlfn.XLOOKUP(TRIM(CLEAN($C10)), TRIM(CLEAN(EHR_Data_Paste_Here!A:A)), EHR_Data_Paste_Here!A:A)), "⚠️ Missing EHR Data", "✅ Ready")))))} -> 0 | D10: {=IF($C10="", "", IFERROR(_xlfn.XLOOKUP(TRIM(CLEAN($C10)), TRIM(CLEAN(EHR_Data_Paste_Here!A:A)), EHR_Data_Paste_Here!B:B), "Not Found"))} -> 0 | E10: {=IF($C10="", "", IFERROR(_xlfn.XLOOKUP(TRIM(CLEAN($C10)), TRIM(CLEAN(EHR_Data_Paste_Here!A:A)), EHR_Data_Paste_Here!C:C), "Not Found"))} -> 0 | F10: {=IF($C10="", "", IFERROR(_xlfn.XLOOKUP(TRIM(CLEAN($C10)), TRIM(CLEAN(EHR_Data_Paste_Here!A:A)), EHR_Data_Paste_Here!D:D), "Not Found"))} -> 0 | G10: {=IF($C10="", "", IFERROR(_xlfn.XLOOKUP(TRIM(CLEAN($C10)), TRIM(CLEAN(EHR_Data_Paste_Here!A:A)), EHR_Data_Paste_Here!E:E), "Not Found"))} -> 0 | H10: {=IF($C10="", "", IFERROR(_xlfn.XLOOKUP(TRIM(CLEAN($C10)), TRIM(CLEAN(EHR_Data_Paste_Here!A:A)), EHR_Data_Paste_Here!F:F), "Not Found"))} -> 0 | I10: {=IF($B10="", "", IFERROR(TEXT(_xlfn.XLOOKUP(TRIM(CLEAN($B10)), TRIM(CLEAN(PPN_Data_Paste_Here!A:A)), PPN_Data_Paste_Here!E:E), "dd-mmm-yyyy"), "No Session"))} -> 0 | J10: {=IF($B10="", "", IFERROR(_xlfn.XLOOKUP(TRIM(CLEAN($B10)), TRIM(CLEAN(PPN_Data_Paste_Here!A:A)), PPN_Data_Paste_Here!B:B), "No Data"))} -> 0
A11: {=IF(AND($B11="", $C11=""), "", IF($B11="", "⚠️ Need PPN ID", IF($C11="", "⚠️ Need EHR ID", IF(ISERROR(_xlfn.XLOOKUP(TRIM(CLEAN($B11)), TRIM(CLEAN(PPN_Data_Paste_Here!A:A)), PPN_Data_Paste_Here!A:A)), "⚠️ Missing PPN Data", IF(ISERROR(_xlfn.XLOOKUP(TRIM(CLEAN($C11)), TRIM(CLEAN(EHR_Data_Paste_Here!A:A)), EHR_Data_Paste_Here!A:A)), "⚠️ Missing EHR Data", "✅ Ready")))))} -> 0 | D11: {=IF($C11="", "", IFERROR(_xlfn.XLOOKUP(TRIM(CLEAN($C11)), TRIM(CLEAN(EHR_Data_Paste_Here!A:A)), EHR_Data_Paste_Here!B:B), "Not Found"))} -> 0 | E11: {=IF($C11="", "", IFERROR(_xlfn.XLOOKUP(TRIM(CLEAN($C11)), TRIM(CLEAN(EHR_Data_Paste_Here!A:A)), EHR_Data_Paste_Here!C:C), "Not Found"))} -> 0 | F11: {=IF($C11="", "", IFERROR(_xlfn.XLOOKUP(TRIM(CLEAN($C11)), TRIM(CLEAN(EHR_Data_Paste_Here!A:A)), EHR_Data_Paste_Here!D:D), "Not Found"))} -> 0 | G11: {=IF($C11="", "", IFERROR(_xlfn.XLOOKUP(TRIM(CLEAN($C11)), TRIM(CLEAN(EHR_Data_Paste_Here!A:A)), EHR_Data_Paste_Here!E:E), "Not Found"))} -> 0 | H11: {=IF($C11="", "", IFERROR(_xlfn.XLOOKUP(TRIM(CLEAN($C11)), TRIM(CLEAN(EHR_Data_Paste_Here!A:A)), EHR_Data_Paste_Here!F:F), "Not Found"))} -> 0 | I11: {=IF($B11="", "", IFERROR(TEXT(_xlfn.XLOOKUP(TRIM(CLEAN($B11)), TRIM(CLEAN(PPN_Data_Paste_Here!A:A)), PPN_Data_Paste_Here!E:E), "dd-mmm-yyyy"), "No Session"))} -> 0 | J11: {=IF($B11="", "", IFERROR(_xlfn.XLOOKUP(TRIM(CLEAN($B11)), TRIM(CLEAN(PPN_Data_Paste_Here!A:A)), PPN_Data_Paste_Here!B:B), "No Data"))} -> 0
A12: {=IF(AND($B12="", $C12=""), "", IF($B12="", "⚠️ Need PPN ID", IF($C12="", "⚠️ Need EHR ID", IF(ISERROR(_xlfn.XLOOKUP(TRIM(CLEAN($B12)), TRIM(CLEAN(PPN_Data_Paste_Here!A:A)), PPN_Data_Paste_Here!A:A)), "⚠️ Missing PPN Data", IF(ISERROR(_xlfn.XLOOKUP(TRIM(CLEAN($C12)), TRIM(CLEAN(EHR_Data_Paste_Here!A:A)), EHR_Data_Paste_Here!A:A)), "⚠️ Missing EHR Data", "✅ Ready")))))} -> 0 | D12: {=IF($C12="", "", IFERROR(_xlfn.XLOOKUP(TRIM(CLEAN($C12)), TRIM(CLEAN(EHR_Data_Paste_Here!A:A)), EHR_Data_Paste_Here!B:B), "Not Found"))} -> 0 | E12: {=IF($C12="", "", IFERROR(_xlfn.XLOOKUP(TRIM(CLEAN($C12)), TRIM(CLEAN(EHR_Data_Paste_Here!A:A)), EHR_Data_Paste_Here!C:C), "Not Found"))} -> 0 | F12: {=IF($C12="", "", IFERROR(_xlfn.XLOOKUP(TRIM(CLEAN($C12)), TRIM(CLEAN(EHR_Data_Paste_Here!A:A)), EHR_Data_Paste_Here!D:D), "Not Found"))} -> 0 | G12: {=IF($C12="", "", IFERROR(_xlfn.XLOOKUP(TRIM(CLEAN($C12)), TRIM(CLEAN(EHR_Data_Paste_Here!A:A)), EHR_Data_Paste_Here!E:E), "Not Found"))} -> 0 | H12: {=IF($C12="", "", IFERROR(_xlfn.XLOOKUP(TRIM(CLEAN($C12)), TRIM(CLEAN(EHR_Data_Paste_Here!A:A)), EHR_Data_Paste_Here!F:F), "Not Found"))} -> 0 | I12: {=IF($B12="", "", IFERROR(TEXT(_xlfn.XLOOKUP(TRIM(CLEAN($B12)), TRIM(CLEAN(PPN_Data_Paste_Here!A:A)), PPN_Data_Paste_Here!E:E), "dd-mmm-yyyy"), "No Session"))} -> 0 | J12: {=IF($B12="", "", IFERROR(_xlfn.XLOOKUP(TRIM(CLEAN($B12)), TRIM(CLEAN(PPN_Data_Paste_Here!A:A)), PPN_Data_Paste_Here!B:B), "No Data"))} -> 0
A13: {=IF(AND($B13="", $C13=""), "", IF($B13="", "⚠️ Need PPN ID", IF($C13="", "⚠️ Need EHR ID", IF(ISERROR(_xlfn.XLOOKUP(TRIM(CLEAN($B13)), TRIM(CLEAN(PPN_Data_Paste_Here!A:A)), PPN_Data_Paste_Here!A:A)), "⚠️ Missing PPN Data", IF(ISERROR(_xlfn.XLOOKUP(TRIM(CLEAN($C13)), TRIM(CLEAN(EHR_Data_Paste_Here!A:A)), EHR_Data_Paste_Here!A:A)), "⚠️ Missing EHR Data", "✅ Ready")))))} -> 0 | D13: {=IF($C13="", "", IFERROR(_xlfn.XLOOKUP(TRIM(CLEAN($C13)), TRIM(CLEAN(EHR_Data_Paste_Here!A:A)), EHR_Data_Paste_Here!B:B), "Not Found"))} -> 0 | E13: {=IF($C13="", "", IFERROR(_xlfn.XLOOKUP(TRIM(CLEAN($C13)), TRIM(CLEAN(EHR_Data_Paste_Here!A:A)), EHR_Data_Paste_Here!C:C), "Not Found"))} -> 0 | F13: {=IF($C13="", "", IFERROR(_xlfn.XLOOKUP(TRIM(CLEAN($C13)), TRIM(CLEAN(EHR_Data_Paste_Here!A:A)), EHR_Data_Paste_Here!D:D), "Not Found"))} -> 0 | G13: {=IF($C13="", "", IFERROR(_xlfn.XLOOKUP(TRIM(CLEAN($C13)), TRIM(CLEAN(EHR_Data_Paste_Here!A:A)), EHR_Data_Paste_Here!E:E), "Not Found"))} -> 0 | H13: {=IF($C13="", "", IFERROR(_xlfn.XLOOKUP(TRIM(CLEAN($C13)), TRIM(CLEAN(EHR_Data_Paste_Here!A:A)), EHR_Data_Paste_Here!F:F), "Not Found"))} -> 0 | I13: {=IF($B13="", "", IFERROR(TEXT(_xlfn.XLOOKUP(TRIM(CLEAN($B13)), TRIM(CLEAN(PPN_Data_Paste_Here!A:A)), PPN_Data_Paste_Here!E:E), "dd-mmm-yyyy"), "No Session"))} -> 0 | J13: {=IF($B13="", "", IFERROR(_xlfn.XLOOKUP(TRIM(CLEAN($B13)), TRIM(CLEAN(PPN_Data_Paste_Here!A:A)), PPN_Data_Paste_Here!B:B), "No Data"))} -> 0
A14: {=IF(AND($B14="", $C14=""), "", IF($B14="", "⚠️ Need PPN ID", IF($C14="", "⚠️ Need EHR ID", IF(ISERROR(_xlfn.XLOOKUP(TRIM(CLEAN($B14)), TRIM(CLEAN(PPN_Data_Paste_Here!A:A)), PPN_Data_Paste_Here!A:A)), "⚠️ Missing PPN Data", IF(ISERROR(_xlfn.XLOOKUP(TRIM(CLEAN($C14)), TRIM(CLEAN(EHR_Data_Paste_Here!A:A)), EHR_Data_Paste_Here!A:A)), "⚠️ Missing EHR Data", "✅ Ready")))))} -> 0 | D14: {=IF($C14="", "", IFERROR(_xlfn.XLOOKUP(TRIM(CLEAN($C14)), TRIM(CLEAN(EHR_Data_Paste_Here!A:A)), EHR_Data_Paste_Here!B:B), "Not Found"))} -> 0 | E14: {=IF($C14="", "", IFERROR(_xlfn.XLOOKUP(TRIM(CLEAN($C14)), TRIM(CLEAN(EHR_Data_Paste_Here!A:A)), EHR_Data_Paste_Here!C:C), "Not Found"))} -> 0 | F14: {=IF($C14="", "", IFERROR(_xlfn.XLOOKUP(TRIM(CLEAN($C14)), TRIM(CLEAN(EHR_Data_Paste_Here!A:A)), EHR_Data_Paste_Here!D:D), "Not Found"))} -> 0 | G14: {=IF($C14="", "", IFERROR(_xlfn.XLOOKUP(TRIM(CLEAN($C14)), TRIM(CLEAN(EHR_Data_Paste_Here!A:A)), EHR_Data_Paste_Here!E:E), "Not Found"))} -> 0 | H14: {=IF($C14="", "", IFERROR(_xlfn.XLOOKUP(TRIM(CLEAN($C14)), TRIM(CLEAN(EHR_Data_Paste_Here!A:A)), EHR_Data_Paste_Here!F:F), "Not Found"))} -> 0 | I14: {=IF($B14="", "", IFERROR(TEXT(_xlfn.XLOOKUP(TRIM(CLEAN($B14)), TRIM(CLEAN(PPN_Data_Paste_Here!A:A)), PPN_Data_Paste_Here!E:E), "dd-mmm-yyyy"), "No Session"))} -> 0 | J14: {=IF($B14="", "", IFERROR(_xlfn.XLOOKUP(TRIM(CLEAN($B14)), TRIM(CLEAN(PPN_Data_Paste_Here!A:A)), PPN_Data_Paste_Here!B:B), "No Data"))} -> 0
A15: {=IF(AND($B15="", $C15=""), "", IF($B15="", "⚠️ Need PPN ID", IF($C15="", "⚠️ Need EHR ID", IF(ISERROR(_xlfn.XLOOKUP(TRIM(CLEAN($B15)), TRIM(CLEAN(PPN_Data_Paste_Here!A:A)), PPN_Data_Paste_Here!A:A)), "⚠️ Missing PPN Data", IF(ISERROR(_xlfn.XLOOKUP(TRIM(CLEAN($C15)), TRIM(CLEAN(EHR_Data_Paste_Here!A:A)), EHR_Data_Paste_Here!A:A)), "⚠️ Missing EHR Data", "✅ Ready")))))} -> 0 | D15: {=IF($C15="", "", IFERROR(_xlfn.XLOOKUP(TRIM(CLEAN($C15)), TRIM(CLEAN(EHR_Data_Paste_Here!A:A)), EHR_Data_Paste_Here!B:B), "Not Found"))} -> 0 | E15: {=IF($C15="", "", IFERROR(_xlfn.XLOOKUP(TRIM(CLEAN($C15)), TRIM(CLEAN(EHR_Data_Paste_Here!A:A)), EHR_Data_Paste_Here!C:C), "Not Found"))} -> 0 | F15: {=IF($C15="", "", IFERROR(_xlfn.XLOOKUP(TRIM(CLEAN($C15)), TRIM(CLEAN(EHR_Data_Paste_Here!A:A)), EHR_Data_Paste_Here!D:D), "Not Found"))} -> 0 | G15: {=IF($C15="", "", IFERROR(_xlfn.XLOOKUP(TRIM(CLEAN($C15)), TRIM(CLEAN(EHR_Data_Paste_Here!A:A)), EHR_Data_Paste_Here!E:E), "Not Found"))} -> 0 | H15: {=IF($C15="", "", IFERROR(_xlfn.XLOOKUP(TRIM(CLEAN($C15)), TRIM(CLEAN(EHR_Data_Paste_Here!A:A)), EHR_Data_Paste_Here!F:F), "Not Found"))} -> 0 | I15: {=IF($B15="", "", IFERROR(TEXT(_xlfn.XLOOKUP(TRIM(CLEAN($B15)), TRIM(CLEAN(PPN_Data_Paste_Here!A:A)), PPN_Data_Paste_Here!E:E), "dd-mmm-yyyy"), "No Session"))} -> 0 | J15: {=IF($B15="", "", IFERROR(_xlfn.XLOOKUP(TRIM(CLEAN($B15)), TRIM(CLEAN(PPN_Data_Paste_Here!A:A)), PPN_Data_Paste_Here!B:B), "No Data"))} -> 0
A16: {=IF(AND($B16="", $C16=""), "", IF($B16="", "⚠️ Need PPN ID", IF($C16="", "⚠️ Need EHR ID", IF(ISERROR(_xlfn.XLOOKUP(TRIM(CLEAN($B16)), TRIM(CLEAN(PPN_Data_Paste_Here!A:A)), PPN_Data_Paste_Here!A:A)), "⚠️ Missing PPN Data", IF(ISERROR(_xlfn.XLOOKUP(TRIM(CLEAN($C16)), TRIM(CLEAN(EHR_Data_Paste_Here!A:A)), EHR_Data_Paste_Here!A:A)), "⚠️ Missing EHR Data", "✅ Ready")))))} -> 0 | D16: {=IF($C16="", "", IFERROR(_xlfn.XLOOKUP(TRIM(CLEAN($C16)), TRIM(CLEAN(EHR_Data_Paste_Here!A:A)), EHR_Data_Paste_Here!B:B), "Not Found"))} -> 0 | E16: {=IF($C16="", "", IFERROR(_xlfn.XLOOKUP(TRIM(CLEAN($C16)), TRIM(CLEAN(EHR_Data_Paste_Here!A:A)), EHR_Data_Paste_Here!C:C), "Not Found"))} -> 0 | F16: {=IF($C16="", "", IFERROR(_xlfn.XLOOKUP(TRIM(CLEAN($C16)), TRIM(CLEAN(EHR_Data_Paste_Here!A:A)), EHR_Data_Paste_Here!D:D), "Not Found"))} -> 0 | G16: {=IF($C16="", "", IFERROR(_xlfn.XLOOKUP(TRIM(CLEAN($C16)), TRIM(CLEAN(EHR_Data_Paste_Here!A:A)), EHR_Data_Paste_Here!E:E), "Not Found"))} -> 0 | H16: {=IF($C16="", "", IFERROR(_xlfn.XLOOKUP(TRIM(CLEAN($C16)), TRIM(CLEAN(EHR_Data_Paste_Here!A:A)), EHR_Data_Paste_Here!F:F), "Not Found"))} -> 0 | I16: {=IF($B16="", "", IFERROR(TEXT(_xlfn.XLOOKUP(TRIM(CLEAN($B16)), TRIM(CLEAN(PPN_Data_Paste_Here!A:A)), PPN_Data_Paste_Here!E:E), "dd-mmm-yyyy"), "No Session"))} -> 0 | J16: {=IF($B16="", "", IFERROR(_xlfn.XLOOKUP(TRIM(CLEAN($B16)), TRIM(CLEAN(PPN_Data_Paste_Here!A:A)), PPN_Data_Paste_Here!B:B), "No Data"))} -> 0
... A504: {=IF(AND($B504="", $C504=""), "", IF($B504="", "⚠️ Need PPN ID", IF($C504="", "⚠️ Need EHR ID", IF(ISERROR(_xlfn.XLOOKUP(TRIM(CLEAN($B504)), TRIM(CLEAN(PPN_Data_Paste_Here!A:A)), PPN_Data_Paste_Here!A:A)), "⚠️ Missing PPN Data", IF(ISERROR(_xlfn.XLOOKUP(TRIM(CLEAN($C504)), TRIM(CLEAN(EHR_Data_Paste_Here!A:A)), EHR_Data_Paste_Here!A:A)), "⚠️ Missing EHR Data", "✅ Ready")))))} -> 0 | D504: {=IF($C504="", "", IFERROR(_xlfn.XLOOKUP(TRIM(CLEAN($C504)), TRIM(CLEAN(EHR_Data_Paste_Here!A:A)), EHR_Data_Paste_Here!B:B), "Not Found"))} -> 0 | E504: {=IF($C504="", "", IFERROR(_xlfn.XLOOKUP(TRIM(CLEAN($C504)), TRIM(CLEAN(EHR_Data_Paste_Here!A:A)), EHR_Data_Paste_Here!C:C), "Not Found"))} -> 0 | F504: {=IF($C504="", "", IFERROR(_xlfn.XLOOKUP(TRIM(CLEAN($C504)), TRIM(CLEAN(EHR_Data_Paste_Here!A:A)), EHR_Data_Paste_Here!D:D), "Not Found"))} -> 0 | G504: {=IF($C504="", "", IFERROR(_xlfn.XLOOKUP(TRIM(CLEAN($C504)), TRIM(CLEAN(EHR_Data_Paste_Here!A:A)), EHR_Data_Paste_Here!E:E), "Not Found"))} -> 0 | H504: {=IF($C504="", "", IFERROR(_xlfn.XLOOKUP(TRIM(CLEAN($C504)), TRIM(CLEAN(EHR_Data_Paste_Here!A:A)), EHR_Data_Paste_Here!F:F), "Not Found"))} -> 0 | I504: {=IF($B504="", "", IFERROR(TEXT(_xlfn.XLOOKUP(TRIM(CLEAN($B504)), TRIM(CLEAN(PPN_Data_Paste_Here!A:A)), PPN_Data_Paste_Here!E:E), "dd-mmm-yyyy"), "No Session"))} -> 0 | J504: {=IF($B504="", "", IFERROR(_xlfn.XLOOKUP(TRIM(CLEAN($B504)), TRIM(CLEAN(PPN_Data_Paste_Here!A:A)), PPN_Data_Paste_Here!B:B), "No Data"))} -> 0

Sheet PPN_Data_Paste_Here
A1: 'Master_Roster'!A1
A2: ➡️ CLICK HERE AND PRESS CTRL+V TO PASTE YOUR PPN EXPORT

Sheet EHR_Data_Paste_Here
A1: 'Master_Roster'!A1
A2: ➡️ CLICK HERE AND PRESS CTRL+V TO PASTE YOUR ELATION EXPORT
